<?xml version="1.0" encoding="utf-8"?><rss version="2.0" xmlns:atom="http://www.w3.org/2005/Atom" xmlns:media="http://search.yahoo.com/mrss/"><channel><title>Network - Education Webflow HTML Website Template</title><link>http://networkcms-template.webflow.io</link><description>Network Webflow template is powerful tool for Educational Institutes, specially designed for Academies, Learning Institutes, Colleges, Schools and Universities, and he comes up with several built-in and visual features which make it very easy for you to start your own education website.</description><pubDate>Mon, 09 Apr 2018 14:55:08 GMT</pubDate><generator>Webflow</generator><atom:link href="http://networkcms-template.webflow.io/courses/rss.xml" rel="self" type="application/rss+xml"/><item><title>From Zero to Hero with CMS</title><link>http://networkcms-template.webflow.io/courses/from-zero-to-hero-with-cms</link><guid>http://networkcms-template.webflow.io/courses/from-zero-to-hero-with-cms</guid><description>77 People 7 Hour Beginner </description><pubDate>Tue, 06 Mar 2018 11:54:47 GMT</pubDate><media:content url="https://uploads-ssl.webflow.com/5a997c6ca301900001622138/5a9c2dc2a5e9fa00010c147a_course-8.jpg" medium="image"/><media:thumbnail url="https://uploads-ssl.webflow.com/5a997c6ca301900001622138/5a9c2dc2a5e9fa00010c147a_course-8.jpg"/></item><item><title>Improve Your CSS Workflow with SASS</title><link>http://networkcms-template.webflow.io/courses/improve-your-css-workflow-with-sass</link><guid>http://networkcms-template.webflow.io/courses/improve-your-css-workflow-with-sass</guid><description>41 People 48 Hour Medium </description><pubDate>Tue, 06 Mar 2018 11:54:47 GMT</pubDate><media:content url="https://uploads-ssl.webflow.com/5a997c6ca301900001622138/5a9c2e31a5e9fa00010c14b6_course-9.jpg" medium="image"/><media:thumbnail url="https://uploads-ssl.webflow.com/5a997c6ca301900001622138/5a9c2e31a5e9fa00010c14b6_course-9.jpg"/></item><item><title>Your Complete Guide to Photography</title><link>http://networkcms-template.webflow.io/courses/your-complete-guide-to-photography</link><guid>http://networkcms-template.webflow.io/courses/your-complete-guide-to-photography</guid><description>13 People 1 Hour 20 Min Advanced </description><pubDate>Tue, 06 Mar 2018 11:54:47 GMT</pubDate><media:content url="https://uploads-ssl.webflow.com/5a997c6ca301900001622138/5a9c200a2c064e00011ce21b_course-3.jpg" medium="image"/><media:thumbnail url="https://uploads-ssl.webflow.com/5a997c6ca301900001622138/5a9c200a2c064e00011ce21b_course-3.jpg"/></item><item><title>Getting Started with LESS</title><link>http://networkcms-template.webflow.io/courses/getting-started-with-less</link><guid>http://networkcms-template.webflow.io/courses/getting-started-with-less</guid><description>70 People 4 Hour Advanced </description><pubDate>Tue, 06 Mar 2018 11:54:47 GMT</pubDate><media:content url="https://uploads-ssl.webflow.com/5a997c6ca301900001622138/5a9c2a3bda615c0001497c41_course-4.jpg" medium="image"/><media:thumbnail url="https://uploads-ssl.webflow.com/5a997c6ca301900001622138/5a9c2a3bda615c0001497c41_course-4.jpg"/></item><item><title>Complete Beginner to JavaScript Developer</title><link>http://networkcms-template.webflow.io/courses/complete-beginner-to-javascript-developer</link><guid>http://networkcms-template.webflow.io/courses/complete-beginner-to-javascript-developer</guid><description>10 People 4 Hour 40 Min Medium </description><pubDate>Tue, 06 Mar 2018 11:54:47 GMT</pubDate><media:content url="https://uploads-ssl.webflow.com/5a997c6ca301900001622138/5a9c2af9da615c0001497c98_course-5.jpg" medium="image"/><media:thumbnail url="https://uploads-ssl.webflow.com/5a997c6ca301900001622138/5a9c2af9da615c0001497c98_course-5.jpg"/></item><item><title>1-Hour Webflow Basic Tutorial</title><link>http://networkcms-template.webflow.io/courses/1-hour-webflow-basic-tutorial</link><guid>http://networkcms-template.webflow.io/courses/1-hour-webflow-basic-tutorial</guid><description>104 People 10 Hour 20 Min Advanced </description><pubDate>Tue, 06 Mar 2018 11:54:47 GMT</pubDate><media:content url="https://uploads-ssl.webflow.com/5a997c6ca301900001622138/5a9c2d53a5e9fa00010c13d3_course-7.jpg" medium="image"/><media:thumbnail url="https://uploads-ssl.webflow.com/5a997c6ca301900001622138/5a9c2d53a5e9fa00010c13d3_course-7.jpg"/></item><item><title>Introduction to networking for beginners</title><link>http://networkcms-template.webflow.io/courses/introduction-to-networking-for-beginners</link><guid>http://networkcms-template.webflow.io/courses/introduction-to-networking-for-beginners</guid><description>12 People 45 Min Beginner </description><pubDate>Tue, 06 Mar 2018 11:54:47 GMT</pubDate><media:content url="https://uploads-ssl.webflow.com/5a997c6ca301900001622138/5a9c2ce72c064e00011cec93_course-6.jpg" medium="image"/><media:thumbnail url="https://uploads-ssl.webflow.com/5a997c6ca301900001622138/5a9c2ce72c064e00011cec93_course-6.jpg"/></item><item><title>The Art of Black and White Photography</title><link>http://networkcms-template.webflow.io/courses/the-art-of-black-and-white-photography</link><guid>http://networkcms-template.webflow.io/courses/the-art-of-black-and-white-photography</guid><description>14 People 2 Hour 15 Min Medium </description><pubDate>Tue, 06 Mar 2018 11:54:47 GMT</pubDate><media:content url="https://uploads-ssl.webflow.com/5a997c6ca301900001622138/5a9c29942c064e00011cea43_course-1.jpg" medium="image"/><media:thumbnail url="https://uploads-ssl.webflow.com/5a997c6ca301900001622138/5a9c29942c064e00011cea43_course-1.jpg"/></item></channel></rss>

