<?xml version="1.0" encoding="utf-8"?><rss version="2.0" xmlns:atom="http://www.w3.org/2005/Atom" xmlns:media="http://search.yahoo.com/mrss/"><channel><title>Network - Education Webflow HTML Website Template</title><link>http://networkcms-template.webflow.io</link><description>Network Webflow template is powerful tool for Educational Institutes, specially designed for Academies, Learning Institutes, Colleges, Schools and Universities, and he comes up with several built-in and visual features which make it very easy for you to start your own education website.</description><pubDate>Mon, 09 Apr 2018 14:55:08 GMT</pubDate><generator>Webflow</generator><atom:link href="http://networkcms-template.webflow.io/teachers/rss.xml" rel="self" type="application/rss+xml"/><item><title>Philip Brower</title><link>http://networkcms-template.webflow.io/teachers/philip-brower</link><guid>http://networkcms-template.webflow.io/teachers/philip-brower</guid><description>Teacher &#x26; IT Specialist - Lorem Ipsum is simply dummy text of the printing and typesetting industry. Lorem Ipsum has been the industry’s standard dummy text ever since the 1500s, when an unknown printer took a galley of type and scrambled it to make a type specimen book. It has survived not only five centuries, but also the leap into electronic typesetting, remaining essentially unchanged.
</description><pubDate>Mon, 05 Mar 2018 17:58:15 GMT</pubDate><media:content url="https://uploads-ssl.webflow.com/5a997c6ca301900001622138/5a9a90be2c064e00011bedb7_team-3.jpg" medium="image"/><media:thumbnail url="https://uploads-ssl.webflow.com/5a997c6ca301900001622138/5a9a90be2c064e00011bedb7_team-3.jpg"/></item><item><title>Mariana Noe</title><link>http://networkcms-template.webflow.io/teachers/mariana-noe</link><guid>http://networkcms-template.webflow.io/teachers/mariana-noe</guid><description>Event Speaker - Lorem Ipsum is simply dummy text of the printing and typesetting industry. Lorem Ipsum has been the industry’s standard dummy text ever since the 1500s, when an unknown printer took a galley of type and scrambled it to make a type specimen book. It has survived not only five centuries, but also the leap into electronic typesetting, remaining essentially unchanged.
</description><pubDate>Mon, 05 Mar 2018 17:58:15 GMT</pubDate><media:content url="https://uploads-ssl.webflow.com/5a997c6ca301900001622138/5a9d2ad02c064e00011dc7f5_team-2.jpg" medium="image"/><media:thumbnail url="https://uploads-ssl.webflow.com/5a997c6ca301900001622138/5a9d2ad02c064e00011dc7f5_team-2.jpg"/></item><item><title> Artem Mesh</title><link>http://networkcms-template.webflow.io/teachers/artem-mesh</link><guid>http://networkcms-template.webflow.io/teachers/artem-mesh</guid><description>Online Teacher - Lorem Ipsum is simply dummy text of the printing and typesetting industry. Lorem Ipsum has been the industry’s standard dummy text ever since the 1500s, when an unknown printer took a galley of type and scrambled it to make a type specimen book. It has survived not only five centuries, but also the leap into electronic typesetting, remaining essentially unchanged.
</description><pubDate>Mon, 05 Mar 2018 17:58:15 GMT</pubDate><media:content url="https://uploads-ssl.webflow.com/5a997c6ca301900001622138/5a9d2aa5da615c00014a79d9_team-1.jpg" medium="image"/><media:thumbnail url="https://uploads-ssl.webflow.com/5a997c6ca301900001622138/5a9d2aa5da615c00014a79d9_team-1.jpg"/></item><item><title>Gohan Lee</title><link>http://networkcms-template.webflow.io/teachers/gohan-lee</link><guid>http://networkcms-template.webflow.io/teachers/gohan-lee</guid><description>Event Speaker - Lorem Ipsum is simply dummy text of the printing and typesetting industry. Lorem Ipsum has been the industry’s standard dummy text ever since the 1500s, when an unknown printer took a galley of type and scrambled it to make a type specimen book. It has survived not only five centuries, but also the leap into electronic typesetting, remaining essentially unchanged.
</description><pubDate>Mon, 05 Mar 2018 17:38:22 GMT</pubDate><media:content url="https://uploads-ssl.webflow.com/5a997c6ca301900001622138/5a9a91132c064e00011bedda_team-6.jpg" medium="image"/><media:thumbnail url="https://uploads-ssl.webflow.com/5a997c6ca301900001622138/5a9a91132c064e00011bedda_team-6.jpg"/></item></channel></rss>

