<?xml version="1.0" encoding="utf-8"?><rss version="2.0" xmlns:atom="http://www.w3.org/2005/Atom" xmlns:media="http://search.yahoo.com/mrss/"><channel><title>Network - Education Webflow HTML Website Template</title><link>http://networkcms-template.webflow.io</link><description>Network Webflow template is powerful tool for Educational Institutes, specially designed for Academies, Learning Institutes, Colleges, Schools and Universities, and he comes up with several built-in and visual features which make it very easy for you to start your own education website.</description><pubDate>Mon, 09 Apr 2018 14:55:08 GMT</pubDate><generator>Webflow</generator><atom:link href="http://networkcms-template.webflow.io/post/rss.xml" rel="self" type="application/rss+xml"/><item><title>The History of Development</title><link>http://networkcms-template.webflow.io/post/the-history-of-development</link><guid>http://networkcms-template.webflow.io/post/the-history-of-development</guid><description>Rem magni assumenda quibusdam.</description><pubDate>Tue, 06 Mar 2018 16:43:19 GMT</pubDate><media:content url="https://uploads-ssl.webflow.com/5a997c6ca301900001622138/5a9d6cdda2f0dc0001b6e2f1_serv-3.jpg" medium="image"/><media:thumbnail url="https://uploads-ssl.webflow.com/5a997c6ca301900001622138/5a9d6cdda2f0dc0001b6e2f1_serv-3.jpg"/></item><item><title>Web Design Blogs</title><link>http://networkcms-template.webflow.io/post/web-design-blogs</link><guid>http://networkcms-template.webflow.io/post/web-design-blogs</guid><description>Rem magni assumenda quibusdam.</description><pubDate>Tue, 06 Mar 2018 16:43:19 GMT</pubDate><media:content url="https://uploads-ssl.webflow.com/5a997c6ca301900001622138/5a9d6ce8da615c00014ae548_serv-1.jpg" medium="image"/><media:thumbnail url="https://uploads-ssl.webflow.com/5a997c6ca301900001622138/5a9d6ce8da615c00014ae548_serv-1.jpg"/></item><item><title>Graphic Design Resources</title><link>http://networkcms-template.webflow.io/post/graphic-design-resources</link><guid>http://networkcms-template.webflow.io/post/graphic-design-resources</guid><description>Rem magni assumenda quibusdam.</description><pubDate>Tue, 06 Mar 2018 16:43:19 GMT</pubDate><media:content url="https://uploads-ssl.webflow.com/5a997c6ca301900001622138/5a9d6ccfda615c00014ae533_serv-2.jpg" medium="image"/><media:thumbnail url="https://uploads-ssl.webflow.com/5a997c6ca301900001622138/5a9d6ccfda615c00014ae533_serv-2.jpg"/></item></channel></rss>

