<?xml version="1.0" encoding="utf-8"?><rss version="2.0" xmlns:atom="http://www.w3.org/2005/Atom" xmlns:media="http://search.yahoo.com/mrss/"><channel><title>Network - Education Webflow HTML Website Template</title><link>http://networkcms-template.webflow.io</link><description>Network Webflow template is powerful tool for Educational Institutes, specially designed for Academies, Learning Institutes, Colleges, Schools and Universities, and he comes up with several built-in and visual features which make it very easy for you to start your own education website.</description><pubDate>Mon, 09 Apr 2018 14:55:08 GMT</pubDate><generator>Webflow</generator><atom:link href="http://networkcms-template.webflow.io/event/rss.xml" rel="self" type="application/rss+xml"/><item><title>Workshop UI Design</title><link>http://networkcms-template.webflow.io/event/workshop-ui-design</link><guid>http://networkcms-template.webflow.io/event/workshop-ui-design</guid><description>Milano, Italy 9:00 AM - 8:00 PM Dec 20, 2018 - Nov 09, 2017</description><pubDate>Thu, 15 Mar 2018 14:50:59 GMT</pubDate><media:content url="https://uploads-ssl.webflow.com/5a997c6ca301900001622138/5aaa87d04385a14513653eea_event-1.jpg" medium="image"/><media:thumbnail url="https://uploads-ssl.webflow.com/5a997c6ca301900001622138/5aaa87d04385a14513653eea_event-1.jpg"/></item><item><title>Programing Festival 2018</title><link>http://networkcms-template.webflow.io/event/programing-festival-2018</link><guid>http://networkcms-template.webflow.io/event/programing-festival-2018</guid><description>Shanghai, China 12:00 AM - 7:00 PM Aug 07, 2018 - Mar 29, 2018</description><pubDate>Thu, 15 Mar 2018 14:50:59 GMT</pubDate><media:content url="https://uploads-ssl.webflow.com/5a997c6ca301900001622138/5aaa87a2d12bef5a3a2ea726_event-2.jpg" medium="image"/><media:thumbnail url="https://uploads-ssl.webflow.com/5a997c6ca301900001622138/5aaa87a2d12bef5a3a2ea726_event-2.jpg"/></item><item><title>Coaching Sessions</title><link>http://networkcms-template.webflow.io/event/coaching-sessions</link><guid>http://networkcms-template.webflow.io/event/coaching-sessions</guid><description>San Diego, California, US 9:00 AM - 4:00 PM Nov 17, 2017 - Mar 09, 2018</description><pubDate>Thu, 15 Mar 2018 14:50:59 GMT</pubDate><media:content url="https://uploads-ssl.webflow.com/5a997c6ca301900001622138/5aaa87c5d12bef134c2ea73b_event-3.jpg" medium="image"/><media:thumbnail url="https://uploads-ssl.webflow.com/5a997c6ca301900001622138/5aaa87c5d12bef134c2ea73b_event-3.jpg"/></item><item><title>Build Education Website With Webflow</title><link>http://networkcms-template.webflow.io/event/build-education-website-with-webflow</link><guid>http://networkcms-template.webflow.io/event/build-education-website-with-webflow</guid><description>Istanbul, Turkey 8:00 AM - 1:00 PM Aug 10, 2018 - Mar 13, 2018</description><pubDate>Thu, 15 Mar 2018 14:50:59 GMT</pubDate><media:content url="https://uploads-ssl.webflow.com/5a997c6ca301900001622138/5aaa87bb8a9e9e82a9246441_event-4.jpg" medium="image"/><media:thumbnail url="https://uploads-ssl.webflow.com/5a997c6ca301900001622138/5aaa87bb8a9e9e82a9246441_event-4.jpg"/></item></channel></rss>

