<?xml version="1.0" encoding="utf-8"?><rss version="2.0" xmlns:atom="http://www.w3.org/2005/Atom" xmlns:media="http://search.yahoo.com/mrss/"><channel><title>Network - Education Webflow HTML Website Template</title><link>http://networkcms-template.webflow.io</link><description>Network Webflow template is powerful tool for Educational Institutes, specially designed for Academies, Learning Institutes, Colleges, Schools and Universities, and he comes up with several built-in and visual features which make it very easy for you to start your own education website.</description><pubDate>Mon, 09 Apr 2018 14:55:08 GMT</pubDate><generator>Webflow</generator><atom:link href="http://networkcms-template.webflow.io/categories/rss.xml" rel="self" type="application/rss+xml"/><item><title>Photography</title><link>http://networkcms-template.webflow.io/categories/photography</link><guid>http://networkcms-template.webflow.io/categories/photography</guid><description>photography</description><pubDate>Mon, 05 Mar 2018 17:18:34 GMT</pubDate></item><item><title>Technology</title><link>http://networkcms-template.webflow.io/categories/technology</link><guid>http://networkcms-template.webflow.io/categories/technology</guid><description>technology</description><pubDate>Mon, 05 Mar 2018 17:18:34 GMT</pubDate></item><item><title>General</title><link>http://networkcms-template.webflow.io/categories/general</link><guid>http://networkcms-template.webflow.io/categories/general</guid><description>general</description><pubDate>Mon, 05 Mar 2018 17:18:34 GMT</pubDate></item><item><title>Development</title><link>http://networkcms-template.webflow.io/categories/development</link><guid>http://networkcms-template.webflow.io/categories/development</guid><description>development</description><pubDate>Mon, 05 Mar 2018 17:18:34 GMT</pubDate></item><item><title>IT &#x26; Software</title><link>http://networkcms-template.webflow.io/categories/it-software</link><guid>http://networkcms-template.webflow.io/categories/it-software</guid><description>it-software</description><pubDate>Mon, 05 Mar 2018 17:18:34 GMT</pubDate></item></channel></rss>

